Age,Gender,Category,Item Purchased,Season,Location,Purchase Amount
56,Male,Clothing,Shirt,Winter,Chennai,4235
46,Male,Clothing,Shirt,Winter,Hyderabad,3902
32,Female,Footwear,Laptop,Summer,Mumbai,944
25,Female,Clothing,Vegetables,Winter,Hyderabad,546
38,Male,Electronics,Phone,Winter,Bangalore,4015
56,Female,Footwear,Shirt,Winter,Chennai,3209
36,Male,Groceries,Laptop,Spring,Hyderabad,1334
40,Male,Footwear,Laptop,Winter,Chennai,326
28,Male,Electronics,Laptop,Spring,Hyderabad,4243
28,Male,Electronics,Vegetables,Winter,Bangalore,3059
41,Female,Footwear,Phone,Winter,Bangalore,1930
53,Female,Footwear,Vegetables,Summer,Chennai,3879
57,Female,Clothing,Shoes,Spring,Bangalore,286
41,Male,Electronics,Laptop,Winter,Mumbai,2977
20,Male,Footwear,Shoes,Spring,Hyderabad,2635
39,Male,Footwear,Shirt,Spring,Bangalore,2032
19,Female,Electronics,Shirt,Autumn,Mumbai,3024
41,Male,Footwear,Vegetables,Summer,Chennai,948
47,Female,Clothing,Phone,Summer,Mumbai,2132
55,Female,Electronics,Shoes,Summer,Chennai,1352
19,Female,Clothing,Phone,Autumn,Chennai,1981
38,Female,Clothing,Vegetables,Autumn,Hyderabad,369
50,Female,Clothing,Shirt,Summer,Hyderabad,1730
29,Female,Clothing,Phone,Autumn,Mumbai,4505
39,Male,Electronics,Phone,Autumn,Hyderabad,3303
42,Male,Clothing,Shirt,Autumn,Hyderabad,1674
44,Female,Clothing,Shoes,Summer,Hyderabad,2992
59,Female,Footwear,Shirt,Summer,Mumbai,1795
45,Male,Electronics,Phone,Summer,Bangalore,3358
33,Female,Electronics,Shoes,Autumn,Hyderabad,3362
32,Female,Groceries,Shoes,Summer,Hyderabad,1545
20,Male,Electronics,Shirt,Autumn,Mumbai,319
54,Female,Electronics,Phone,Winter,Bangalore,152
24,Female,Groceries,Vegetables,Autumn,Hyderabad,1857
38,Female,Electronics,Phone,Spring,Chennai,1766
26,Male,Electronics,Laptop,Summer,Mumbai,2885
56,Male,Electronics,Vegetables,Summer,Hyderabad,819
35,Male,Electronics,Shoes,Spring,Hyderabad,505
21,Female,Groceries,Vegetables,Autumn,Chennai,2394
42,Female,Electronics,Shoes,Winter,Chennai,171
31,Male,Electronics,Shoes,Spring,Mumbai,2153
26,Female,Groceries,Vegetables,Spring,Mumbai,1329
43,Female,Footwear,Shoes,Autumn,Chennai,1667
19,Female,Clothing,Shoes,Summer,Mumbai,3782
37,Female,Footwear,Laptop,Autumn,Chennai,3053
45,Female,Groceries,Phone,Spring,Hyderabad,4582
24,Male,Clothing,Phone,Spring,Chennai,798
25,Female,Groceries,Laptop,Summer,Chennai,926
52,Male,Groceries,Vegetables,Summer,Bangalore,448
31,Female,Electronics,Shirt,Summer,Chennai,4008
34,Male,Clothing,Shirt,Autumn,Chennai,407
53,Female,Electronics,Shirt,Summer,Bangalore,3516
57,Male,Clothing,Laptop,Spring,Mumbai,2434
21,Female,Groceries,Laptop,Spring,Bangalore,4961
19,Male,Groceries,Shoes,Winter,Hyderabad,4920
23,Female,Footwear,Shirt,Autumn,Bangalore,2909
59,Male,Clothing,Vegetables,Winter,Hyderabad,3658
21,Female,Electronics,Vegetables,Spring,Mumbai,4578
46,Male,Footwear,Shirt,Winter,Bangalore,3577
35,Male,Footwear,Shirt,Spring,Bangalore,4720
43,Female,Footwear,Shirt,Winter,Mumbai,2786
51,Female,Electronics,Laptop,Summer,Hyderabad,3085
27,Male,Footwear,Laptop,Winter,Bangalore,375
53,Female,Electronics,Laptop,Summer,Hyderabad,2647
31,Male,Footwear,Phone,Summer,Bangalore,2864
48,Male,Electronics,Vegetables,Autumn,Chennai,436
32,Male,Groceries,Vegetables,Summer,Bangalore,2073
25,Female,Groceries,Shoes,Summer,Mumbai,3079
31,Male,Groceries,Laptop,Winter,Mumbai,4676
40,Male,Groceries,Phone,Spring,Hyderabad,4068
57,Female,Groceries,Phone,Autumn,Bangalore,1010
38,Female,Footwear,Vegetables,Summer,Hyderabad,2096
33,Female,Footwear,Laptop,Autumn,Hyderabad,3229
35,Female,Footwear,Shoes,Winter,Chennai,4304
41,Male,Electronics,Laptop,Summer,Chennai,3857
43,Male,Electronics,Shirt,Winter,Mumbai,427
42,Male,Electronics,Laptop,Autumn,Hyderabad,1899
58,Male,Electronics,Shirt,Winter,Mumbai,414
46,Female,Groceries,Shirt,Autumn,Bangalore,3645
32,Male,Groceries,Shoes,Winter,Hyderabad,1234
18,Male,Groceries,Vegetables,Autumn,Hyderabad,2846
42,Female,Clothing,Laptop,Spring,Bangalore,4976
24,Male,Footwear,Shirt,Winter,Bangalore,1620
26,Male,Electronics,Laptop,Winter,Mumbai,255
41,Male,Electronics,Vegetables,Spring,Mumbai,1824
18,Male,Groceries,Vegetables,Spring,Bangalore,3443
25,Male,Electronics,Phone,Winter,Mumbai,986
41,Male,Electronics,Vegetables,Spring,Bangalore,3173
28,Female,Footwear,Shoes,Summer,Hyderabad,2905
34,Female,Groceries,Shirt,Autumn,Hyderabad,821
25,Male,Footwear,Phone,Autumn,Chennai,1012
52,Male,Clothing,Shoes,Autumn,Hyderabad,3457
52,Female,Clothing,Laptop,Summer,Bangalore,970
50,Male,Clothing,Shirt,Spring,Mumbai,4208
22,Male,Groceries,Vegetables,Spring,Chennai,597
59,Male,Electronics,Shirt,Winter,Mumbai,1856
56,Female,Groceries,Laptop,Spring,Bangalore,1217
58,Male,Groceries,Phone,Winter,Hyderabad,3509
45,Female,Electronics,Phone,Summer,Chennai,2928
24,Male,Footwear,Phone,Autumn,Bangalore,1747
26,Female,Clothing,Vegetables,Autumn,Chennai,3083
25,Female,Footwear,Shoes,Autumn,Chennai,242
29,Male,Clothing,Shoes,Spring,Hyderabad,2861
51,Female,Groceries,Shirt,Winter,Bangalore,3535
50,Male,Clothing,Vegetables,Winter,Mumbai,4760
40,Female,Groceries,Phone,Summer,Chennai,2531
41,Male,Footwear,Phone,Spring,Chennai,4612
54,Male,Groceries,Laptop,Summer,Mumbai,1948
52,Female,Footwear,Laptop,Winter,Bangalore,2796
57,Male,Electronics,Phone,Winter,Chennai,1817
39,Male,Electronics,Phone,Autumn,Chennai,3172
44,Female,Electronics,Vegetables,Spring,Chennai,1167
52,Male,Groceries,Shoes,Winter,Bangalore,2886
18,Male,Electronics,Laptop,Autumn,Bangalore,3891
52,Female,Clothing,Shoes,Spring,Mumbai,1388
54,Female,Footwear,Vegetables,Summer,Bangalore,3971
31,Male,Footwear,Phone,Spring,Bangalore,1906
20,Male,Clothing,Shoes,Spring,Hyderabad,1604
18,Female,Groceries,Phone,Winter,Mumbai,3408
22,Female,Groceries,Phone,Winter,Chennai,3051
43,Male,Footwear,Shirt,Spring,Bangalore,171
31,Female,Electronics,Shoes,Winter,Chennai,1790
56,Male,Groceries,Shoes,Winter,Chennai,1444
44,Male,Groceries,Phone,Winter,Hyderabad,3403
26,Male,Clothing,Vegetables,Autumn,Bangalore,3213
32,Male,Clothing,Shirt,Autumn,Mumbai,982
32,Male,Electronics,Phone,Spring,Bangalore,4334
43,Female,Groceries,Laptop,Winter,Chennai,2762
59,Female,Groceries,Laptop,Autumn,Mumbai,1604
30,Female,Clothing,Shirt,Spring,Bangalore,2563
49,Female,Groceries,Vegetables,Winter,Chennai,2653
56,Male,Footwear,Phone,Summer,Chennai,832
49,Male,Clothing,Shoes,Winter,Hyderabad,1848
21,Male,Electronics,Shirt,Winter,Hyderabad,4024
47,Male,Clothing,Vegetables,Autumn,Hyderabad,523
54,Female,Groceries,Shoes,Spring,Chennai,3578
40,Male,Electronics,Laptop,Spring,Bangalore,1691
56,Male,Clothing,Laptop,Autumn,Hyderabad,4585
32,Female,Footwear,Shoes,Winter,Bangalore,4537
46,Female,Footwear,Shirt,Summer,Hyderabad,4809
53,Female,Clothing,Laptop,Winter,Mumbai,592
30,Female,Footwear,Phone,Winter,Mumbai,291
49,Male,Footwear,Shoes,Summer,Hyderabad,598
24,Male,Footwear,Shoes,Autumn,Chennai,1356
39,Female,Electronics,Laptop,Spring,Hyderabad,2068
45,Male,Footwear,Shirt,Autumn,Hyderabad,4422
19,Male,Footwear,Phone,Autumn,Chennai,2286
59,Male,Footwear,Shirt,Winter,Mumbai,916
23,Female,Electronics,Vegetables,Spring,Bangalore,3320
45,Male,Clothing,Vegetables,Spring,Hyderabad,1573
45,Female,Groceries,Laptop,Autumn,Chennai,1186
37,Male,Footwear,Laptop,Summer,Hyderabad,4299
47,Male,Clothing,Laptop,Autumn,Chennai,1974
28,Male,Footwear,Vegetables,Summer,Bangalore,970
45,Female,Electronics,Shirt,Spring,Bangalore,4863
42,Male,Clothing,Shirt,Autumn,Mumbai,2142
56,Female,Electronics,Laptop,Winter,Chennai,372
50,Female,Footwear,Phone,Autumn,Chennai,1129
18,Female,Footwear,Shirt,Spring,Mumbai,3318
44,Male,Electronics,Vegetables,Winter,Mumbai,4169
30,Male,Groceries,Shoes,Winter,Chennai,1151
58,Male,Electronics,Shoes,Summer,Mumbai,4133
20,Male,Footwear,Shoes,Winter,Bangalore,1673
56,Female,Electronics,Phone,Winter,Hyderabad,3290
23,Female,Groceries,Laptop,Autumn,Bangalore,4488
25,Female,Electronics,Vegetables,Spring,Mumbai,3897
44,Male,Groceries,Phone,Summer,Chennai,3389
26,Female,Groceries,Vegetables,Autumn,Chennai,3847
54,Male,Electronics,Vegetables,Winter,Bangalore,2205
50,Female,Electronics,Laptop,Winter,Chennai,407
59,Male,Clothing,Shoes,Summer,Mumbai,3459
41,Male,Footwear,Laptop,Spring,Bangalore,3276
32,Female,Groceries,Phone,Summer,Chennai,1351
49,Female,Clothing,Phone,Autumn,Hyderabad,2847
49,Female,Electronics,Phone,Summer,Hyderabad,1617
41,Female,Footwear,Laptop,Winter,Mumbai,1478
58,Male,Clothing,Vegetables,Autumn,Chennai,4991
29,Female,Groceries,Vegetables,Winter,Mumbai,2061
56,Female,Clothing,Shirt,Spring,Bangalore,4405
19,Female,Groceries,Phone,Winter,Hyderabad,2963
20,Male,Electronics,Vegetables,Winter,Bangalore,2756
54,Male,Footwear,Shirt,Summer,Chennai,2594
34,Female,Footwear,Vegetables,Winter,Mumbai,4667
19,Male,Footwear,Phone,Autumn,Mumbai,4105
19,Female,Electronics,Shoes,Autumn,Mumbai,3663
45,Male,Groceries,Phone,Spring,Bangalore,1022
40,Male,Electronics,Laptop,Autumn,Hyderabad,4332
54,Male,Footwear,Vegetables,Summer,Bangalore,4562
49,Male,Electronics,Vegetables,Spring,Bangalore,3059
50,Female,Electronics,Laptop,Autumn,Chennai,283
18,Female,Electronics,Laptop,Summer,Chennai,3458
36,Female,Groceries,Shoes,Autumn,Chennai,1498
19,Male,Clothing,Vegetables,Autumn,Hyderabad,2896
43,Female,Clothing,Vegetables,Winter,Hyderabad,636
49,Female,Electronics,Shoes,Autumn,Chennai,1373
23,Female,Clothing,Shirt,Autumn,Chennai,3067
49,Male,Clothing,Shoes,Summer,Hyderabad,3149
21,Male,Electronics,Phone,Summer,Mumbai,1196
28,Male,Electronics,Vegetables,Winter,Hyderabad,1405
34,Female,Footwear,Laptop,Autumn,Hyderabad,1015
55,Female,Clothing,Phone,Winter,Hyderabad,3181
41,Female,Groceries,Vegetables,Autumn,Chennai,4347
22,Male,Electronics,Shoes,Spring,Mumbai,1128
51,Male,Footwear,Phone,Spring,Hyderabad,2077
23,Female,Groceries,Vegetables,Winter,Chennai,3454
39,Male,Clothing,Shirt,Winter,Bangalore,2611
28,Male,Footwear,Shirt,Winter,Bangalore,370
33,Male,Electronics,Laptop,Summer,Hyderabad,1286
50,Male,Groceries,Vegetables,Summer,Bangalore,4655
26,Female,Electronics,Shirt,Summer,Mumbai,4300
23,Male,Clothing,Shoes,Winter,Bangalore,3864
33,Male,Groceries,Vegetables,Autumn,Bangalore,2498
46,Male,Clothing,Shoes,Spring,Mumbai,4629
20,Male,Clothing,Shoes,Winter,Hyderabad,4335
37,Female,Footwear,Shirt,Summer,Hyderabad,4282
53,Female,Electronics,Vegetables,Summer,Mumbai,1811
36,Male,Groceries,Phone,Winter,Mumbai,2330
43,Male,Clothing,Shirt,Winter,Mumbai,228
20,Male,Clothing,Shirt,Summer,Bangalore,1369
36,Male,Groceries,Vegetables,Autumn,Mumbai,3772
37,Male,Clothing,Vegetables,Summer,Chennai,1701
49,Male,Footwear,Shoes,Summer,Bangalore,4865
24,Female,Footwear,Vegetables,Winter,Hyderabad,4070
58,Male,Footwear,Shoes,Autumn,Hyderabad,4344
50,Female,Footwear,Shirt,Summer,Hyderabad,727
57,Female,Clothing,Laptop,Summer,Bangalore,3897
56,Male,Groceries,Phone,Spring,Chennai,2144
35,Female,Groceries,Shirt,Winter,Mumbai,3652
57,Female,Groceries,Vegetables,Spring,Mumbai,2441
18,Female,Groceries,Phone,Spring,Hyderabad,3314
28,Female,Electronics,Laptop,Summer,Hyderabad,349
45,Female,Groceries,Laptop,Winter,Bangalore,3025
42,Female,Electronics,Shoes,Autumn,Chennai,1074
40,Male,Electronics,Phone,Summer,Mumbai,1425
48,Female,Footwear,Shoes,Autumn,Bangalore,1083
47,Female,Electronics,Shirt,Autumn,Mumbai,988
59,Female,Clothing,Phone,Winter,Hyderabad,3037
52,Male,Electronics,Shirt,Spring,Mumbai,2217
24,Female,Footwear,Shoes,Winter,Chennai,2772
33,Male,Electronics,Phone,Autumn,Chennai,1426
43,Female,Clothing,Shoes,Summer,Hyderabad,570
19,Male,Clothing,Phone,Autumn,Chennai,2087
18,Male,Clothing,Shoes,Summer,Chennai,190
29,Female,Footwear,Laptop,Summer,Bangalore,629
22,Female,Footwear,Shoes,Winter,Mumbai,4856
54,Male,Groceries,Laptop,Autumn,Hyderabad,4159
49,Female,Footwear,Shoes,Spring,Hyderabad,4934
26,Male,Clothing,Phone,Autumn,Hyderabad,2873
58,Male,Clothing,Phone,Autumn,Hyderabad,1786
52,Male,Footwear,Phone,Spring,Hyderabad,291
36,Male,Electronics,Vegetables,Winter,Chennai,2086
33,Male,Footwear,Shirt,Autumn,Bangalore,3723
20,Female,Footwear,Phone,Autumn,Hyderabad,2285
37,Male,Clothing,Laptop,Summer,Bangalore,4540
41,Male,Groceries,Phone,Autumn,Bangalore,1108
50,Female,Clothing,Vegetables,Spring,Chennai,3883
41,Male,Groceries,Laptop,Summer,Hyderabad,4398
28,Female,Clothing,Vegetables,Winter,Chennai,4768
25,Female,Footwear,Laptop,Summer,Hyderabad,4387
53,Female,Clothing,Shoes,Spring,Chennai,2152
55,Male,Clothing,Shirt,Spring,Bangalore,3408
57,Male,Clothing,Shirt,Summer,Hyderabad,1816
37,Male,Footwear,Vegetables,Winter,Mumbai,410
52,Female,Footwear,Shirt,Summer,Bangalore,4638
42,Male,Footwear,Vegetables,Winter,Mumbai,1360
52,Female,Footwear,Vegetables,Summer,Bangalore,4032
42,Male,Groceries,Vegetables,Spring,Chennai,3368
46,Female,Groceries,Shirt,Autumn,Hyderabad,684
35,Male,Electronics,Vegetables,Autumn,Bangalore,2899
35,Male,Footwear,Shirt,Winter,Chennai,459
19,Male,Groceries,Vegetables,Winter,Hyderabad,2966
52,Female,Clothing,Phone,Winter,Hyderabad,2111
33,Female,Footwear,Vegetables,Spring,Bangalore,4106
58,Male,Electronics,Laptop,Summer,Hyderabad,1725
53,Male,Electronics,Vegetables,Spring,Bangalore,2864
50,Female,Electronics,Shoes,Autumn,Hyderabad,990
21,Female,Clothing,Vegetables,Winter,Mumbai,831
50,Female,Groceries,Laptop,Summer,Chennai,4061
31,Male,Clothing,Laptop,Autumn,Mumbai,4801
38,Female,Footwear,Shirt,Autumn,Bangalore,2604
37,Male,Electronics,Phone,Autumn,Mumbai,714
25,Female,Clothing,Vegetables,Spring,Bangalore,3906
24,Male,Clothing,Shirt,Winter,Hyderabad,1819
20,Female,Groceries,Phone,Autumn,Hyderabad,4869
34,Female,Groceries,Vegetables,Winter,Bangalore,1687
50,Female,Electronics,Shoes,Spring,Mumbai,1711
29,Female,Clothing,Vegetables,Autumn,Hyderabad,996
39,Female,Clothing,Laptop,Spring,Chennai,377
39,Male,Groceries,Laptop,Spring,Hyderabad,4747
47,Female,Clothing,Shoes,Winter,Chennai,1736
55,Female,Clothing,Shirt,Autumn,Mumbai,2258
55,Female,Clothing,Phone,Spring,Chennai,2532
25,Male,Groceries,Vegetables,Autumn,Chennai,4004
44,Female,Electronics,Laptop,Winter,Chennai,4956
44,Male,Footwear,Shirt,Spring,Chennai,3362
51,Female,Electronics,Shoes,Winter,Hyderabad,1549
38,Female,Footwear,Laptop,Autumn,Chennai,4600
47,Male,Clothing,Shoes,Autumn,Hyderabad,1332
50,Female,Electronics,Vegetables,Winter,Chennai,4217
45,Male,Footwear,Phone,Summer,Bangalore,777
50,Male,Groceries,Laptop,Spring,Mumbai,2758
22,Female,Groceries,Laptop,Autumn,Chennai,2128
36,Male,Electronics,Vegetables,Autumn,Bangalore,3858
21,Female,Electronics,Shirt,Spring,Chennai,4724
52,Female,Clothing,Phone,Winter,Chennai,2137
34,Male,Electronics,Laptop,Winter,Chennai,2749
45,Male,Clothing,Phone,Winter,Bangalore,756
47,Male,Clothing,Laptop,Summer,Mumbai,265
46,Male,Groceries,Phone,Summer,Bangalore,4691
23,Female,Groceries,Shoes,Autumn,Mumbai,689
52,Female,Footwear,Laptop,Winter,Chennai,4624
58,Male,Groceries,Phone,Spring,Hyderabad,2921
54,Female,Groceries,Shirt,Autumn,Chennai,4358
41,Female,Electronics,Shoes,Spring,Mumbai,1362
46,Female,Groceries,Shoes,Autumn,Bangalore,171
48,Female,Footwear,Shirt,Summer,Chennai,3616
52,Male,Electronics,Phone,Autumn,Bangalore,4850
50,Male,Footwear,Vegetables,Summer,Bangalore,3680
38,Female,Groceries,Shirt,Autumn,Bangalore,368
49,Male,Footwear,Phone,Winter,Chennai,1876
40,Male,Electronics,Shirt,Spring,Bangalore,2562
50,Male,Clothing,Shirt,Winter,Bangalore,1368
20,Female,Footwear,Laptop,Autumn,Chennai,1115
35,Female,Footwear,Phone,Autumn,Bangalore,2822
42,Female,Electronics,Vegetables,Autumn,Chennai,1183
59,Male,Electronics,Laptop,Summer,Mumbai,4201
48,Female,Footwear,Shirt,Spring,Mumbai,506
20,Female,Groceries,Shirt,Spring,Mumbai,3176
57,Male,Footwear,Shirt,Autumn,Bangalore,1085
41,Female,Electronics,Phone,Autumn,Hyderabad,3703
49,Female,Clothing,Phone,Summer,Hyderabad,4585
39,Male,Clothing,Laptop,Winter,Bangalore,809
40,Male,Groceries,Vegetables,Winter,Hyderabad,2718
19,Male,Footwear,Laptop,Spring,Chennai,4949
44,Female,Clothing,Shoes,Summer,Hyderabad,1511
59,Female,Footwear,Shirt,Autumn,Bangalore,4721
19,Female,Electronics,Shirt,Spring,Bangalore,1585
43,Male,Clothing,Shirt,Summer,Chennai,3050
34,Male,Groceries,Laptop,Winter,Mumbai,4751
57,Female,Electronics,Laptop,Summer,Bangalore,3034
50,Female,Groceries,Shirt,Winter,Chennai,4214
26,Male,Electronics,Laptop,Summer,Hyderabad,4770
56,Male,Clothing,Phone,Spring,Hyderabad,1103
46,Male,Groceries,Phone,Winter,Chennai,2566
59,Male,Groceries,Laptop,Spring,Chennai,2566
43,Female,Electronics,Shirt,Spring,Bangalore,2038
52,Male,Groceries,Laptop,Winter,Hyderabad,2039
42,Female,Electronics,Laptop,Winter,Chennai,1735
41,Female,Electronics,Laptop,Autumn,Hyderabad,1798
30,Female,Electronics,Shoes,Autumn,Chennai,4627
24,Male,Electronics,Phone,Autumn,Hyderabad,2191
53,Male,Clothing,Vegetables,Spring,Mumbai,1995
37,Male,Electronics,Vegetables,Spring,Bangalore,4340
18,Male,Footwear,Shoes,Autumn,Hyderabad,3498
25,Female,Groceries,Laptop,Spring,Mumbai,1173
33,Male,Footwear,Shoes,Spring,Hyderabad,2502
31,Male,Clothing,Shoes,Winter,Hyderabad,4995
29,Female,Footwear,Shirt,Winter,Mumbai,3312
40,Male,Groceries,Phone,Spring,Hyderabad,4137
32,Female,Footwear,Vegetables,Autumn,Hyderabad,1251
45,Female,Clothing,Laptop,Summer,Bangalore,2545
51,Female,Electronics,Vegetables,Autumn,Mumbai,2056
19,Female,Footwear,Vegetables,Summer,Mumbai,4658
49,Female,Clothing,Phone,Autumn,Chennai,4007
40,Female,Clothing,Vegetables,Winter,Hyderabad,907
39,Female,Groceries,Vegetables,Spring,Bangalore,286
42,Female,Groceries,Shoes,Spring,Hyderabad,4927
39,Male,Footwear,Phone,Winter,Hyderabad,4624
39,Male,Electronics,Shirt,Summer,Chennai,1407
59,Male,Clothing,Laptop,Summer,Hyderabad,2384
23,Male,Footwear,Vegetables,Summer,Bangalore,4966
32,Female,Clothing,Laptop,Winter,Bangalore,857
54,Male,Clothing,Shirt,Summer,Chennai,4331
50,Female,Electronics,Laptop,Winter,Hyderabad,4987
25,Male,Electronics,Shirt,Autumn,Bangalore,3954
22,Male,Footwear,Shoes,Autumn,Hyderabad,4366
56,Male,Electronics,Vegetables,Winter,Hyderabad,2306
21,Female,Electronics,Shirt,Spring,Hyderabad,3658
23,Male,Footwear,Laptop,Autumn,Chennai,1680
49,Female,Electronics,Vegetables,Summer,Hyderabad,1061
47,Female,Groceries,Shoes,Winter,Bangalore,3947
52,Male,Clothing,Vegetables,Summer,Hyderabad,3675
57,Male,Clothing,Shirt,Summer,Bangalore,975
33,Male,Clothing,Shoes,Spring,Hyderabad,2518
30,Female,Clothing,Laptop,Summer,Bangalore,4298
59,Male,Footwear,Shoes,Spring,Bangalore,1101
47,Female,Clothing,Shoes,Autumn,Hyderabad,3484
36,Female,Clothing,Phone,Winter,Hyderabad,4166
34,Male,Clothing,Shoes,Summer,Bangalore,2945
36,Male,Clothing,Shoes,Winter,Mumbai,1581
45,Female,Groceries,Vegetables,Summer,Chennai,3401
43,Female,Clothing,Laptop,Winter,Mumbai,757
54,Female,Groceries,Vegetables,Summer,Mumbai,2880
43,Male,Footwear,Vegetables,Summer,Hyderabad,522
40,Female,Electronics,Shirt,Summer,Chennai,3781
26,Male,Clothing,Vegetables,Summer,Mumbai,4366
29,Female,Electronics,Phone,Summer,Hyderabad,2810
18,Female,Electronics,Phone,Summer,Mumbai,552
18,Male,Footwear,Shirt,Summer,Mumbai,2497
51,Female,Electronics,Laptop,Summer,Hyderabad,2075
49,Male,Groceries,Laptop,Summer,Hyderabad,1757
42,Male,Electronics,Vegetables,Winter,Hyderabad,2641
57,Female,Electronics,Vegetables,Spring,Chennai,3175
18,Male,Electronics,Vegetables,Summer,Mumbai,3264
33,Male,Clothing,Laptop,Spring,Hyderabad,3066
56,Female,Clothing,Shoes,Summer,Bangalore,2153
22,Male,Groceries,Phone,Summer,Mumbai,387
39,Male,Groceries,Shoes,Winter,Bangalore,3317
46,Male,Clothing,Shoes,Autumn,Chennai,3954
20,Female,Groceries,Laptop,Autumn,Hyderabad,1547
29,Male,Clothing,Shoes,Winter,Bangalore,707
43,Female,Footwear,Shirt,Spring,Chennai,4652
33,Female,Electronics,Vegetables,Autumn,Hyderabad,1864
54,Male,Electronics,Shirt,Winter,Bangalore,1325
39,Male,Groceries,Phone,Winter,Bangalore,1335
46,Male,Clothing,Vegetables,Autumn,Chennai,1129
31,Female,Clothing,Shoes,Spring,Hyderabad,2771
45,Male,Groceries,Phone,Winter,Hyderabad,4062
22,Male,Clothing,Vegetables,Summer,Bangalore,4642
47,Male,Footwear,Shoes,Spring,Bangalore,3277
22,Male,Electronics,Shirt,Spring,Bangalore,3822
29,Male,Groceries,Vegetables,Autumn,Hyderabad,1575
33,Female,Groceries,Shoes,Autumn,Chennai,2996
43,Female,Clothing,Shirt,Summer,Chennai,908
43,Male,Groceries,Phone,Winter,Hyderabad,1078
38,Male,Footwear,Phone,Autumn,Mumbai,2563
56,Male,Clothing,Phone,Autumn,Chennai,825
53,Male,Clothing,Phone,Spring,Bangalore,2601
50,Female,Clothing,Laptop,Autumn,Mumbai,3462
47,Male,Clothing,Vegetables,Autumn,Mumbai,1316
54,Female,Footwear,Vegetables,Autumn,Chennai,4151
40,Female,Clothing,Laptop,Autumn,Mumbai,2297
27,Male,Groceries,Shoes,Spring,Mumbai,2906
22,Female,Footwear,Shoes,Summer,Chennai,878
53,Female,Electronics,Phone,Summer,Chennai,1072
51,Female,Electronics,Shirt,Winter,Mumbai,2910
48,Female,Groceries,Shoes,Autumn,Bangalore,2223
27,Male,Groceries,Shirt,Spring,Hyderabad,698
36,Male,Footwear,Vegetables,Winter,Mumbai,3441
49,Female,Electronics,Shirt,Winter,Mumbai,324
18,Male,Electronics,Vegetables,Summer,Bangalore,940
22,Male,Electronics,Laptop,Spring,Mumbai,1914
21,Male,Electronics,Laptop,Spring,Mumbai,4909
33,Male,Electronics,Phone,Spring,Hyderabad,1206
41,Male,Clothing,Shoes,Summer,Hyderabad,224
33,Female,Groceries,Phone,Summer,Hyderabad,3346
19,Male,Clothing,Vegetables,Summer,Chennai,3031
45,Male,Electronics,Phone,Summer,Chennai,4225
49,Male,Footwear,Shirt,Summer,Hyderabad,3071
44,Male,Footwear,Vegetables,Autumn,Hyderabad,2117
37,Female,Electronics,Laptop,Autumn,Chennai,2515
41,Female,Electronics,Shoes,Spring,Bangalore,4690
29,Female,Footwear,Vegetables,Winter,Mumbai,3196
52,Female,Clothing,Vegetables,Spring,Mumbai,1709
50,Male,Clothing,Shirt,Winter,Hyderabad,817
50,Female,Electronics,Shoes,Summer,Bangalore,3661
54,Male,Clothing,Laptop,Winter,Chennai,1116
29,Male,Footwear,Vegetables,Spring,Hyderabad,3665
20,Male,Clothing,Vegetables,Spring,Bangalore,4801
18,Male,Electronics,Shirt,Winter,Bangalore,4570
50,Male,Footwear,Phone,Autumn,Bangalore,2060
57,Female,Clothing,Laptop,Summer,Chennai,1148
27,Female,Groceries,Shoes,Summer,Chennai,1457
46,Female,Footwear,Vegetables,Spring,Mumbai,3526
30,Female,Footwear,Vegetables,Autumn,Mumbai,215
29,Male,Groceries,Laptop,Winter,Bangalore,2195
48,Female,Groceries,Phone,Summer,Bangalore,1901
19,Male,Footwear,Vegetables,Autumn,Chennai,2246
52,Female,Groceries,Laptop,Summer,Mumbai,1720
40,Male,Electronics,Shirt,Autumn,Bangalore,4880
34,Male,Electronics,Phone,Autumn,Mumbai,3050
43,Female,Electronics,Shoes,Spring,Mumbai,3892
25,Male,Footwear,Vegetables,Summer,Bangalore,3041
46,Male,Groceries,Laptop,Winter,Chennai,1077
43,Female,Groceries,Shirt,Spring,Bangalore,3166
27,Male,Clothing,Shoes,Spring,Bangalore,883
43,Female,Clothing,Laptop,Winter,Mumbai,340
51,Female,Groceries,Laptop,Spring,Bangalore,1653
58,Female,Groceries,Shoes,Autumn,Chennai,4678
24,Male,Groceries,Shirt,Autumn,Bangalore,1112
21,Male,Footwear,Shirt,Summer,Chennai,286
28,Male,Groceries,Phone,Summer,Chennai,1981
46,Female,Clothing,Vegetables,Winter,Mumbai,4686
53,Male,Footwear,Shoes,Summer,Hyderabad,530
42,Female,Groceries,Shoes,Autumn,Hyderabad,338
38,Female,Clothing,Shoes,Winter,Mumbai,2445
53,Male,Footwear,Shirt,Winter,Bangalore,175
27,Female,Groceries,Vegetables,Summer,Mumbai,1456
54,Male,Groceries,Phone,Autumn,Chennai,2430
26,Male,Groceries,Laptop,Winter,Hyderabad,4786
41,Male,Footwear,Laptop,Autumn,Mumbai,2002
52,Male,Clothing,Shoes,Autumn,Bangalore,4113
52,Male,Clothing,Vegetables,Autumn,Mumbai,4770
53,Female,Electronics,Shirt,Summer,Hyderabad,2159
35,Female,Groceries,Vegetables,Spring,Mumbai,240
56,Female,Electronics,Vegetables,Spring,Mumbai,1889
49,Male,Electronics,Shirt,Winter,Hyderabad,3726
41,Male,Clothing,Shoes,Autumn,Chennai,116
40,Male,Footwear,Vegetables,Summer,Chennai,4448
49,Female,Footwear,Laptop,Autumn,Hyderabad,564
54,Male,Clothing,Shirt,Autumn,Mumbai,4571
29,Female,Footwear,Phone,Summer,Hyderabad,1927
30,Female,Electronics,Shoes,Spring,Chennai,3128
40,Male,Groceries,Shirt,Autumn,Bangalore,619
42,Male,Clothing,Phone,Autumn,Mumbai,189
52,Female,Groceries,Phone,Spring,Chennai,4915
58,Male,Footwear,Vegetables,Summer,Mumbai,2951
47,Female,Groceries,Vegetables,Winter,Hyderabad,2943
34,Male,Footwear,Vegetables,Spring,Bangalore,4825
37,Male,Footwear,Shirt,Winter,Hyderabad,1984
42,Female,Electronics,Shirt,Winter,Bangalore,4271
39,Male,Footwear,Shoes,Spring,Mumbai,1025
30,Female,Electronics,Vegetables,Autumn,Mumbai,3834
36,Male,Electronics,Phone,Winter,Hyderabad,1069
53,Female,Electronics,Laptop,Winter,Bangalore,1194
29,Female,Clothing,Shoes,Summer,Bangalore,3295
58,Male,Clothing,Shirt,Autumn,Mumbai,1504
36,Female,Footwear,Shoes,Winter,Hyderabad,3464
29,Male,Electronics,Shoes,Summer,Bangalore,4390
26,Male,Clothing,Shoes,Autumn,Mumbai,4082
24,Male,Electronics,Shoes,Spring,Chennai,4423
45,Female,Groceries,Laptop,Spring,Hyderabad,4113
31,Female,Groceries,Vegetables,Summer,Chennai,4656
48,Male,Groceries,Phone,Spring,Hyderabad,4813
36,Male,Footwear,Shoes,Winter,Mumbai,3192
33,Female,Electronics,Shoes,Autumn,Bangalore,4259
22,Male,Groceries,Shoes,Winter,Bangalore,2174
52,Male,Clothing,Vegetables,Winter,Bangalore,384
29,Female,Groceries,Shirt,Spring,Hyderabad,1287
42,Male,Groceries,Shirt,Winter,Mumbai,4069
38,Female,Groceries,Laptop,Spring,Chennai,3065
53,Male,Footwear,Shirt,Autumn,Mumbai,4419
40,Female,Clothing,Shoes,Autumn,Chennai,883
33,Male,Electronics,Shoes,Winter,Hyderabad,1049
56,Male,Clothing,Shoes,Summer,Hyderabad,4039
59,Female,Electronics,Laptop,Spring,Chennai,144
56,Male,Footwear,Shoes,Spring,Chennai,1910
31,Female,Footwear,Shirt,Winter,Chennai,4666
48,Male,Footwear,Vegetables,Spring,Mumbai,2181
22,Female,Footwear,Vegetables,Spring,Chennai,3598
52,Female,Electronics,Phone,Summer,Hyderabad,929
40,Female,Groceries,Shirt,Summer,Hyderabad,2009
46,Female,Electronics,Shoes,Winter,Bangalore,2681
28,Male,Clothing,Vegetables,Summer,Chennai,791
35,Male,Footwear,Shirt,Winter,Mumbai,4119
29,Female,Footwear,Vegetables,Autumn,Mumbai,1031
26,Female,Clothing,Shoes,Winter,Mumbai,3506
27,Female,Electronics,Vegetables,Autumn,Bangalore,247
34,Male,Groceries,Phone,Winter,Hyderabad,1132
55,Male,Groceries,Phone,Spring,Mumbai,1411
24,Male,Clothing,Vegetables,Summer,Hyderabad,487
30,Male,Groceries,Shirt,Autumn,Bangalore,3221
57,Female,Electronics,Shirt,Winter,Chennai,1973
59,Female,Electronics,Shirt,Summer,Chennai,3688
26,Female,Clothing,Vegetables,Winter,Chennai,1015
44,Male,Electronics,Shirt,Summer,Mumbai,1978
19,Male,Footwear,Shoes,Summer,Chennai,3848
22,Male,Clothing,Phone,Winter,Mumbai,377
46,Female,Electronics,Shoes,Autumn,Bangalore,2077
54,Female,Clothing,Shirt,Autumn,Bangalore,1959
55,Male,Groceries,Shoes,Spring,Mumbai,3136
36,Female,Electronics,Shirt,Summer,Hyderabad,3471
25,Male,Footwear,Vegetables,Spring,Chennai,4813
18,Male,Electronics,Shoes,Spring,Chennai,2282
39,Female,Clothing,Vegetables,Winter,Chennai,4775
34,Male,Clothing,Vegetables,Winter,Mumbai,1270
24,Female,Electronics,Laptop,Winter,Bangalore,589
42,Male,Footwear,Shirt,Summer,Chennai,2625
21,Female,Footwear,Phone,Winter,Bangalore,1282
53,Female,Footwear,Shirt,Winter,Chennai,4579
23,Female,Clothing,Phone,Summer,Chennai,4358
48,Male,Electronics,Shirt,Summer,Mumbai,2588
36,Male,Groceries,Vegetables,Autumn,Hyderabad,1976
56,Female,Clothing,Shoes,Winter,Mumbai,2562
44,Female,Footwear,Shoes,Winter,Chennai,1730
27,Male,Electronics,Laptop,Winter,Chennai,387
43,Male,Footwear,Phone,Autumn,Hyderabad,4382
36,Male,Groceries,Phone,Winter,Bangalore,2007
56,Female,Footwear,Phone,Autumn,Bangalore,1261
20,Male,Footwear,Vegetables,Spring,Chennai,229
30,Male,Groceries,Phone,Autumn,Bangalore,2463
45,Female,Electronics,Shoes,Spring,Chennai,243
37,Male,Clothing,Vegetables,Winter,Hyderabad,115
45,Male,Electronics,Shirt,Spring,Hyderabad,344
25,Male,Groceries,Phone,Autumn,Chennai,1026
58,Female,Footwear,Phone,Summer,Hyderabad,3278
56,Female,Electronics,Shirt,Spring,Mumbai,2276
18,Female,Clothing,Phone,Spring,Mumbai,986
20,Female,Groceries,Shirt,Winter,Hyderabad,440
30,Female,Electronics,Vegetables,Autumn,Chennai,2151
45,Female,Clothing,Shoes,Spring,Chennai,3498
42,Female,Groceries,Shirt,Spring,Hyderabad,4050
50,Male,Clothing,Laptop,Spring,Bangalore,405
55,Male,Groceries,Shirt,Spring,Mumbai,1007
23,Female,Footwear,Phone,Summer,Bangalore,2754
49,Male,Electronics,Vegetables,Autumn,Chennai,3892
38,Male,Clothing,Vegetables,Winter,Chennai,4142
33,Female,Groceries,Shirt,Winter,Bangalore,1471
38,Male,Clothing,Shoes,Summer,Hyderabad,420
28,Male,Clothing,Laptop,Autumn,Bangalore,4754
54,Male,Electronics,Vegetables,Spring,Bangalore,4159
53,Male,Footwear,Phone,Summer,Mumbai,1231
52,Male,Clothing,Phone,Autumn,Mumbai,2678
36,Female,Groceries,Shoes,Spring,Bangalore,4142
37,Female,Groceries,Vegetables,Summer,Bangalore,3467
35,Female,Footwear,Shirt,Autumn,Chennai,917
58,Male,Groceries,Phone,Winter,Mumbai,111
31,Female,Footwear,Shoes,Winter,Mumbai,294
32,Male,Groceries,Vegetables,Autumn,Chennai,2637
48,Male,Electronics,Vegetables,Winter,Hyderabad,2942
18,Male,Clothing,Vegetables,Autumn,Mumbai,2329
20,Male,Electronics,Vegetables,Spring,Mumbai,3109
33,Female,Clothing,Vegetables,Autumn,Hyderabad,4851
40,Female,Clothing,Phone,Spring,Mumbai,2177
28,Male,Clothing,Shoes,Summer,Mumbai,3967
29,Female,Electronics,Vegetables,Autumn,Hyderabad,4973
27,Male,Clothing,Laptop,Summer,Hyderabad,543
49,Female,Electronics,Laptop,Winter,Bangalore,397
33,Female,Footwear,Shoes,Spring,Chennai,944
25,Male,Groceries,Shirt,Autumn,Chennai,1115
55,Female,Groceries,Shirt,Summer,Hyderabad,1484
29,Male,Clothing,Shirt,Spring,Hyderabad,1497
41,Female,Electronics,Laptop,Spring,Mumbai,653
45,Male,Groceries,Shirt,Winter,Bangalore,2450
25,Male,Electronics,Phone,Winter,Bangalore,4616
45,Female,Electronics,Vegetables,Spring,Hyderabad,1369
53,Female,Clothing,Laptop,Spring,Mumbai,1360
43,Male,Groceries,Shoes,Autumn,Mumbai,284
25,Female,Clothing,Shoes,Spring,Chennai,4663
45,Female,Clothing,Vegetables,Autumn,Chennai,2510
45,Male,Groceries,Laptop,Spring,Mumbai,4531
54,Male,Groceries,Shirt,Winter,Chennai,2309
58,Female,Footwear,Shirt,Autumn,Hyderabad,3772
53,Male,Footwear,Phone,Summer,Mumbai,4783
44,Male,Electronics,Phone,Winter,Chennai,1981
34,Male,Groceries,Shirt,Autumn,Bangalore,4396
26,Female,Footwear,Shoes,Autumn,Mumbai,621
50,Female,Electronics,Shoes,Summer,Mumbai,1987
37,Male,Electronics,Phone,Autumn,Bangalore,2652
30,Female,Electronics,Vegetables,Spring,Hyderabad,3909
45,Male,Footwear,Shirt,Summer,Bangalore,4983
46,Female,Groceries,Phone,Winter,Mumbai,4255
30,Male,Clothing,Phone,Winter,Hyderabad,4773
52,Male,Electronics,Shirt,Spring,Chennai,4516
23,Female,Footwear,Shirt,Winter,Chennai,3579
35,Male,Footwear,Shoes,Autumn,Chennai,1509
22,Female,Clothing,Vegetables,Autumn,Mumbai,1794
42,Female,Clothing,Vegetables,Spring,Bangalore,4764
19,Male,Footwear,Shirt,Winter,Hyderabad,626
27,Male,Groceries,Laptop,Winter,Chennai,2760
47,Female,Clothing,Phone,Spring,Hyderabad,2272
22,Male,Footwear,Phone,Summer,Mumbai,379
50,Male,Clothing,Shirt,Winter,Chennai,3064
18,Male,Groceries,Laptop,Summer,Mumbai,4077
35,Male,Electronics,Shoes,Winter,Bangalore,2769
49,Male,Clothing,Shirt,Winter,Mumbai,2993
28,Female,Groceries,Shirt,Winter,Mumbai,1851
38,Female,Footwear,Phone,Winter,Bangalore,4081
43,Male,Clothing,Shirt,Autumn,Hyderabad,4869
42,Male,Clothing,Shirt,Summer,Bangalore,2461
39,Male,Footwear,Shirt,Summer,Bangalore,4527
44,Female,Electronics,Phone,Winter,Mumbai,4231
30,Male,Footwear,Shoes,Winter,Hyderabad,1808
50,Female,Clothing,Shoes,Summer,Chennai,2786
51,Female,Footwear,Shirt,Autumn,Bangalore,2995
58,Female,Groceries,Phone,Spring,Hyderabad,4635
52,Male,Footwear,Shoes,Spring,Bangalore,2876
18,Female,Clothing,Shoes,Summer,Bangalore,1219
38,Male,Footwear,Shoes,Winter,Bangalore,3088
23,Female,Electronics,Phone,Winter,Bangalore,4359
45,Male,Footwear,Phone,Autumn,Mumbai,4343
34,Female,Electronics,Shirt,Spring,Hyderabad,294
22,Male,Groceries,Vegetables,Autumn,Hyderabad,762
48,Female,Electronics,Shoes,Spring,Hyderabad,579
22,Male,Footwear,Vegetables,Summer,Bangalore,4318
55,Male,Clothing,Phone,Spring,Mumbai,1523
20,Male,Electronics,Phone,Autumn,Bangalore,2808
40,Male,Groceries,Phone,Autumn,Bangalore,3275
54,Female,Electronics,Vegetables,Autumn,Hyderabad,3914
54,Female,Electronics,Phone,Summer,Bangalore,2114
27,Male,Electronics,Shirt,Spring,Chennai,3889
27,Female,Groceries,Phone,Spring,Bangalore,4905
36,Male,Footwear,Laptop,Autumn,Chennai,2543
34,Male,Electronics,Vegetables,Spring,Bangalore,1011
38,Female,Electronics,Laptop,Winter,Mumbai,3313
31,Male,Clothing,Phone,Winter,Mumbai,2464
26,Male,Groceries,Shirt,Winter,Hyderabad,3729
18,Female,Electronics,Shoes,Spring,Bangalore,3572
30,Male,Groceries,Phone,Summer,Chennai,780
21,Male,Electronics,Shirt,Summer,Chennai,4751
18,Male,Footwear,Vegetables,Summer,Bangalore,709
57,Male,Footwear,Laptop,Summer,Chennai,2256
49,Female,Electronics,Laptop,Winter,Mumbai,3966
51,Female,Footwear,Laptop,Winter,Chennai,471
45,Female,Electronics,Vegetables,Autumn,Hyderabad,715
48,Male,Footwear,Shirt,Spring,Mumbai,2353
25,Male,Clothing,Vegetables,Spring,Mumbai,4238
56,Female,Clothing,Laptop,Summer,Mumbai,964
43,Male,Clothing,Phone,Winter,Bangalore,1368
51,Male,Groceries,Shoes,Summer,Bangalore,884
20,Male,Groceries,Vegetables,Autumn,Mumbai,4671
29,Male,Clothing,Vegetables,Spring,Bangalore,4278
18,Female,Groceries,Shirt,Spring,Chennai,2337
22,Female,Footwear,Shirt,Summer,Bangalore,4154
47,Female,Electronics,Vegetables,Autumn,Bangalore,4995
47,Male,Electronics,Laptop,Spring,Mumbai,1035
34,Female,Electronics,Shoes,Autumn,Hyderabad,4080
40,Female,Clothing,Shirt,Autumn,Hyderabad,2438
32,Male,Groceries,Laptop,Summer,Hyderabad,425
54,Male,Footwear,Phone,Winter,Chennai,1634
38,Female,Footwear,Shirt,Summer,Bangalore,3580
31,Female,Clothing,Laptop,Winter,Hyderabad,3961
19,Female,Footwear,Laptop,Autumn,Mumbai,2085
28,Female,Footwear,Shoes,Winter,Hyderabad,4703
56,Male,Footwear,Shoes,Autumn,Hyderabad,2878
55,Female,Footwear,Phone,Spring,Bangalore,1370
51,Female,Groceries,Laptop,Spring,Bangalore,740
55,Male,Footwear,Laptop,Spring,Bangalore,4803
51,Female,Electronics,Shoes,Summer,Chennai,4178
35,Male,Clothing,Shirt,Summer,Chennai,4761
47,Male,Groceries,Shirt,Autumn,Hyderabad,1467
32,Male,Footwear,Vegetables,Spring,Bangalore,4142
44,Female,Groceries,Shoes,Summer,Hyderabad,2675
51,Female,Footwear,Vegetables,Spring,Mumbai,3703
55,Male,Electronics,Shoes,Summer,Mumbai,1681
50,Female,Clothing,Phone,Winter,Bangalore,2086
41,Female,Footwear,Laptop,Winter,Bangalore,2340
32,Male,Footwear,Phone,Spring,Mumbai,4066
47,Male,Footwear,Shoes,Autumn,Bangalore,2205
59,Female,Footwear,Laptop,Summer,Chennai,228
34,Male,Clothing,Shirt,Summer,Chennai,4901
22,Female,Clothing,Shirt,Winter,Bangalore,4096
46,Female,Electronics,Vegetables,Winter,Mumbai,951
21,Female,Clothing,Shoes,Autumn,Hyderabad,4203
27,Female,Footwear,Shoes,Autumn,Bangalore,2176
34,Male,Electronics,Shirt,Autumn,Bangalore,3094
27,Male,Electronics,Phone,Spring,Hyderabad,3844
34,Male,Electronics,Laptop,Winter,Bangalore,2856
37,Male,Footwear,Phone,Spring,Hyderabad,1744
41,Female,Groceries,Phone,Winter,Mumbai,4471
22,Female,Footwear,Shirt,Winter,Chennai,3244
51,Male,Clothing,Shirt,Summer,Mumbai,342
23,Female,Clothing,Shirt,Winter,Chennai,4185
19,Female,Footwear,Vegetables,Winter,Hyderabad,270
30,Female,Footwear,Phone,Spring,Chennai,752
28,Male,Electronics,Shoes,Winter,Mumbai,3612
40,Male,Footwear,Laptop,Spring,Chennai,1599
33,Male,Electronics,Vegetables,Autumn,Hyderabad,2199
48,Female,Clothing,Shoes,Winter,Chennai,2258
28,Male,Electronics,Phone,Winter,Bangalore,2072
33,Male,Footwear,Shirt,Spring,Mumbai,4025
25,Male,Clothing,Phone,Autumn,Bangalore,2358
21,Male,Groceries,Laptop,Summer,Hyderabad,4139
57,Male,Electronics,Vegetables,Autumn,Chennai,2135
21,Male,Clothing,Vegetables,Spring,Bangalore,3371
42,Female,Electronics,Laptop,Autumn,Bangalore,957
20,Female,Clothing,Shoes,Spring,Chennai,3923
49,Male,Clothing,Shoes,Spring,Chennai,1149
20,Male,Electronics,Vegetables,Summer,Mumbai,4090
44,Female,Groceries,Vegetables,Winter,Bangalore,398
46,Female,Clothing,Shirt,Spring,Bangalore,1023
49,Male,Clothing,Shoes,Spring,Hyderabad,4332
36,Male,Clothing,Laptop,Summer,Mumbai,4406
38,Male,Groceries,Shoes,Spring,Hyderabad,2899
22,Male,Groceries,Shirt,Winter,Bangalore,4975
35,Female,Footwear,Vegetables,Summer,Hyderabad,4162
45,Male,Electronics,Vegetables,Winter,Bangalore,4145
59,Male,Groceries,Shirt,Winter,Bangalore,1902
39,Male,Electronics,Laptop,Summer,Hyderabad,2813
38,Male,Footwear,Vegetables,Spring,Hyderabad,4606
23,Female,Electronics,Phone,Winter,Chennai,2953
18,Female,Groceries,Vegetables,Winter,Chennai,2757
22,Female,Electronics,Phone,Winter,Chennai,4622
58,Male,Groceries,Shirt,Winter,Bangalore,3446
29,Male,Electronics,Shirt,Summer,Hyderabad,1571
43,Female,Groceries,Vegetables,Summer,Mumbai,3049
51,Male,Groceries,Shoes,Autumn,Bangalore,1041
31,Male,Electronics,Phone,Autumn,Mumbai,2007
43,Female,Footwear,Laptop,Winter,Hyderabad,4937
44,Female,Clothing,Vegetables,Spring,Bangalore,1343
26,Female,Footwear,Laptop,Winter,Mumbai,4523
43,Female,Electronics,Vegetables,Spring,Mumbai,1566
39,Male,Footwear,Shoes,Winter,Chennai,4057
47,Male,Groceries,Shoes,Autumn,Chennai,2066
34,Female,Clothing,Shoes,Autumn,Chennai,475
43,Male,Electronics,Shoes,Spring,Bangalore,362
53,Female,Electronics,Shirt,Winter,Hyderabad,4462
18,Female,Electronics,Shirt,Spring,Hyderabad,3488
25,Male,Clothing,Phone,Autumn,Chennai,3495
52,Female,Groceries,Laptop,Winter,Chennai,2044
32,Male,Electronics,Vegetables,Winter,Chennai,1993
39,Male,Footwear,Vegetables,Spring,Mumbai,3734
31,Male,Electronics,Shirt,Summer,Chennai,1752
43,Male,Electronics,Vegetables,Spring,Mumbai,4241
45,Female,Electronics,Shirt,Autumn,Hyderabad,3992
40,Male,Electronics,Phone,Autumn,Bangalore,699
31,Female,Groceries,Laptop,Autumn,Bangalore,4915
41,Female,Footwear,Phone,Autumn,Bangalore,2012
19,Female,Groceries,Shoes,Autumn,Bangalore,1392
43,Female,Footwear,Shoes,Summer,Mumbai,700
31,Male,Electronics,Shoes,Winter,Mumbai,480
24,Male,Clothing,Phone,Spring,Chennai,4313
20,Female,Groceries,Vegetables,Spring,Mumbai,3737
40,Female,Clothing,Laptop,Autumn,Chennai,2263
35,Male,Groceries,Shoes,Spring,Chennai,4455
55,Female,Electronics,Shoes,Autumn,Bangalore,1198
52,Male,Groceries,Shoes,Summer,Mumbai,465
32,Female,Electronics,Laptop,Summer,Mumbai,2670
42,Male,Groceries,Shoes,Winter,Chennai,3519
54,Female,Electronics,Laptop,Summer,Chennai,2576
45,Female,Electronics,Shoes,Summer,Hyderabad,890
27,Male,Footwear,Phone,Winter,Hyderabad,3669
56,Female,Electronics,Phone,Spring,Chennai,846
34,Female,Footwear,Laptop,Autumn,Hyderabad,412
56,Male,Electronics,Phone,Autumn,Hyderabad,4733
39,Female,Clothing,Laptop,Spring,Chennai,1020
43,Male,Electronics,Phone,Winter,Chennai,1177
42,Male,Clothing,Phone,Spring,Mumbai,2929
34,Female,Clothing,Laptop,Summer,Chennai,2481
30,Female,Electronics,Vegetables,Winter,Chennai,3718
37,Female,Clothing,Phone,Winter,Bangalore,897
42,Female,Footwear,Shoes,Winter,Mumbai,4543
21,Female,Groceries,Vegetables,Autumn,Mumbai,372
27,Female,Electronics,Laptop,Spring,Mumbai,3110
20,Female,Clothing,Vegetables,Winter,Bangalore,4915
58,Male,Electronics,Shirt,Winter,Chennai,1873
35,Female,Footwear,Shirt,Winter,Mumbai,2647
53,Male,Electronics,Phone,Spring,Mumbai,3264
39,Female,Electronics,Phone,Autumn,Hyderabad,4880
51,Female,Clothing,Shoes,Summer,Mumbai,4817
25,Male,Footwear,Vegetables,Autumn,Chennai,1046
57,Female,Groceries,Shirt,Winter,Chennai,2765
36,Female,Groceries,Phone,Autumn,Hyderabad,606
59,Male,Clothing,Vegetables,Autumn,Mumbai,343
58,Female,Electronics,Phone,Summer,Mumbai,605
54,Female,Clothing,Phone,Spring,Mumbai,4617
23,Female,Clothing,Shirt,Spring,Bangalore,3258
43,Male,Clothing,Shirt,Autumn,Mumbai,3690
51,Female,Electronics,Phone,Autumn,Chennai,1972
23,Female,Footwear,Laptop,Spring,Chennai,3893
54,Female,Clothing,Phone,Spring,Bangalore,1292
50,Female,Electronics,Phone,Summer,Bangalore,4525
39,Male,Footwear,Shoes,Winter,Mumbai,4845
38,Male,Clothing,Shoes,Autumn,Hyderabad,1564
23,Female,Groceries,Shoes,Spring,Bangalore,490
23,Female,Footwear,Laptop,Autumn,Bangalore,4576
21,Male,Clothing,Laptop,Autumn,Mumbai,3477
47,Male,Footwear,Phone,Spring,Mumbai,4937
28,Female,Footwear,Shoes,Summer,Bangalore,772
47,Male,Footwear,Laptop,Autumn,Hyderabad,2660
48,Female,Footwear,Shirt,Summer,Bangalore,1311
41,Male,Footwear,Phone,Spring,Mumbai,1029
26,Male,Footwear,Vegetables,Winter,Mumbai,1639
20,Male,Clothing,Phone,Winter,Bangalore,1012
48,Male,Groceries,Vegetables,Autumn,Hyderabad,743
57,Female,Electronics,Shoes,Spring,Bangalore,4622
54,Male,Footwear,Vegetables,Summer,Bangalore,601
53,Male,Electronics,Shoes,Autumn,Mumbai,829
41,Female,Clothing,Shirt,Spring,Hyderabad,1383
48,Male,Footwear,Vegetables,Spring,Chennai,2218
23,Male,Groceries,Phone,Summer,Hyderabad,4652
19,Female,Electronics,Shoes,Autumn,Bangalore,4486
37,Male,Footwear,Phone,Spring,Bangalore,3936
45,Female,Clothing,Laptop,Spring,Bangalore,1019
28,Female,Groceries,Shoes,Spring,Hyderabad,4150
21,Female,Electronics,Vegetables,Summer,Mumbai,2439
32,Female,Electronics,Shoes,Autumn,Bangalore,855
23,Male,Footwear,Phone,Autumn,Bangalore,1969
47,Female,Groceries,Shirt,Autumn,Hyderabad,4572
55,Male,Groceries,Shoes,Autumn,Chennai,607
19,Male,Groceries,Vegetables,Winter,Chennai,1536
32,Male,Groceries,Laptop,Winter,Mumbai,2675
28,Male,Clothing,Shirt,Autumn,Mumbai,3526
25,Male,Groceries,Laptop,Summer,Bangalore,658
43,Male,Electronics,Shoes,Winter,Hyderabad,3202
22,Male,Electronics,Phone,Spring,Bangalore,4616
23,Male,Clothing,Phone,Winter,Mumbai,3722
43,Male,Electronics,Vegetables,Spring,Hyderabad,4499
21,Male,Electronics,Phone,Autumn,Hyderabad,4157
36,Female,Groceries,Shirt,Winter,Mumbai,3815
37,Female,Electronics,Phone,Summer,Chennai,1401
50,Female,Clothing,Vegetables,Winter,Chennai,2255
37,Male,Groceries,Shoes,Winter,Hyderabad,792
29,Female,Footwear,Shoes,Winter,Bangalore,4450
18,Female,Groceries,Phone,Autumn,Chennai,1578
43,Female,Clothing,Laptop,Summer,Bangalore,356
31,Male,Groceries,Shoes,Winter,Chennai,2530
55,Male,Groceries,Phone,Summer,Chennai,541
54,Male,Clothing,Vegetables,Autumn,Bangalore,1981
28,Male,Groceries,Phone,Spring,Mumbai,2746
53,Female,Clothing,Shoes,Winter,Chennai,3920
30,Female,Clothing,Vegetables,Summer,Chennai,4777
20,Female,Footwear,Phone,Summer,Bangalore,1835
50,Female,Electronics,Shirt,Autumn,Mumbai,3835
23,Male,Electronics,Vegetables,Winter,Chennai,2745
27,Male,Groceries,Shirt,Spring,Chennai,118
22,Male,Groceries,Laptop,Summer,Mumbai,1224
40,Female,Footwear,Vegetables,Winter,Chennai,4085
27,Male,Footwear,Shirt,Spring,Mumbai,2754
19,Male,Footwear,Shoes,Summer,Mumbai,2180
30,Female,Clothing,Shoes,Summer,Bangalore,1647
57,Female,Footwear,Laptop,Spring,Hyderabad,961
19,Male,Footwear,Vegetables,Spring,Mumbai,254
37,Male,Groceries,Vegetables,Autumn,Bangalore,3594
18,Male,Footwear,Vegetables,Winter,Hyderabad,1004
54,Male,Clothing,Laptop,Winter,Chennai,1369
26,Male,Clothing,Vegetables,Autumn,Hyderabad,504
34,Male,Groceries,Shoes,Summer,Mumbai,943
26,Female,Footwear,Shirt,Spring,Mumbai,1882
28,Female,Footwear,Shoes,Spring,Mumbai,1664
32,Female,Clothing,Shoes,Spring,Mumbai,1284
41,Male,Footwear,Shirt,Summer,Mumbai,846
55,Female,Footwear,Shoes,Spring,Bangalore,1825
52,Male,Footwear,Laptop,Spring,Mumbai,3288
47,Male,Electronics,Shirt,Autumn,Bangalore,370
48,Female,Groceries,Shoes,Summer,Chennai,4965
22,Male,Electronics,Phone,Winter,Mumbai,4056
31,Male,Groceries,Shoes,Autumn,Mumbai,271
28,Female,Clothing,Laptop,Autumn,Hyderabad,373
26,Female,Footwear,Vegetables,Winter,Chennai,2406
51,Female,Groceries,Shoes,Autumn,Mumbai,1258
29,Male,Electronics,Vegetables,Summer,Mumbai,1806
52,Female,Footwear,Phone,Spring,Chennai,1871
52,Female,Clothing,Shoes,Summer,Bangalore,521
18,Male,Groceries,Shirt,Winter,Mumbai,1309
57,Female,Groceries,Vegetables,Winter,Hyderabad,4775
39,Female,Groceries,Phone,Autumn,Mumbai,990
46,Female,Footwear,Shirt,Summer,Hyderabad,4917
25,Male,Electronics,Shirt,Summer,Hyderabad,3367
28,Male,Electronics,Shirt,Winter,Mumbai,1573
58,Male,Groceries,Shirt,Summer,Mumbai,3343
54,Male,Clothing,Shoes,Winter,Hyderabad,4578
31,Female,Clothing,Shoes,Summer,Chennai,2281
47,Male,Electronics,Shoes,Summer,Chennai,1549
52,Male,Clothing,Phone,Summer,Mumbai,3196
38,Female,Electronics,Phone,Winter,Bangalore,3356
54,Female,Groceries,Phone,Autumn,Chennai,3256
22,Female,Electronics,Laptop,Summer,Mumbai,1690
36,Male,Electronics,Phone,Winter,Chennai,4339
31,Male,Groceries,Shoes,Winter,Bangalore,4081
43,Male,Clothing,Shoes,Summer,Mumbai,1535
21,Female,Electronics,Laptop,Summer,Bangalore,323
42,Female,Electronics,Laptop,Autumn,Mumbai,319
59,Male,Groceries,Phone,Winter,Bangalore,4374
42,Female,Clothing,Vegetables,Winter,Chennai,1754
35,Female,Electronics,Laptop,Spring,Chennai,4628
57,Female,Groceries,Shirt,Winter,Bangalore,364
25,Male,Electronics,Shoes,Autumn,Bangalore,1053
56,Female,Footwear,Shirt,Spring,Bangalore,4624
57,Female,Groceries,Shoes,Spring,Mumbai,3833
31,Male,Clothing,Shoes,Spring,Chennai,2874
49,Male,Clothing,Laptop,Summer,Mumbai,3224
55,Female,Clothing,Laptop,Summer,Chennai,579
50,Female,Clothing,Shirt,Winter,Hyderabad,3614
40,Male,Electronics,Shoes,Spring,Mumbai,1453
32,Male,Electronics,Shirt,Autumn,Chennai,3422
50,Female,Clothing,Vegetables,Summer,Chennai,3978
42,Female,Clothing,Shirt,Autumn,Mumbai,989
34,Female,Clothing,Phone,Autumn,Mumbai,3954
50,Female,Electronics,Shirt,Summer,Chennai,1024
19,Male,Clothing,Phone,Summer,Mumbai,2270
31,Female,Clothing,Phone,Summer,Bangalore,2002
57,Female,Footwear,Phone,Summer,Mumbai,4973
57,Male,Footwear,Vegetables,Spring,Mumbai,2495
56,Female,Clothing,Shirt,Spring,Mumbai,128
23,Male,Groceries,Shirt,Spring,Chennai,134
23,Female,Clothing,Vegetables,Spring,Bangalore,3689
20,Female,Footwear,Shoes,Winter,Hyderabad,2770
24,Male,Groceries,Laptop,Spring,Hyderabad,3465
25,Male,Groceries,Shirt,Summer,Bangalore,688
59,Female,Clothing,Laptop,Autumn,Bangalore,3318
32,Female,Footwear,Vegetables,Spring,Bangalore,3238
46,Female,Footwear,Shoes,Winter,Chennai,1003
50,Male,Groceries,Shoes,Summer,Hyderabad,4186
47,Female,Clothing,Shoes,Autumn,Bangalore,2269
56,Male,Electronics,Vegetables,Autumn,Chennai,439
44,Male,Electronics,Phone,Spring,Hyderabad,4370
53,Female,Footwear,Phone,Autumn,Mumbai,1814
46,Male,Electronics,Laptop,Spring,Chennai,4792
55,Female,Footwear,Phone,Spring,Hyderabad,4646
50,Female,Footwear,Phone,Summer,Chennai,656
54,Female,Footwear,Shoes,Summer,Hyderabad,3187
44,Female,Electronics,Shoes,Winter,Hyderabad,3366
50,Female,Footwear,Laptop,Summer,Mumbai,3667
21,Male,Groceries,Shirt,Summer,Chennai,2156
39,Male,Clothing,Laptop,Spring,Bangalore,3999
19,Female,Clothing,Laptop,Summer,Mumbai,1116
27,Female,Footwear,Vegetables,Spring,Mumbai,2162
22,Male,Clothing,Vegetables,Spring,Hyderabad,938
27,Male,Electronics,Laptop,Summer,Bangalore,1737
50,Male,Electronics,Laptop,Winter,Chennai,4421
55,Male,Clothing,Laptop,Winter,Bangalore,3596
30,Female,Electronics,Phone,Autumn,Bangalore,1913
48,Female,Clothing,Vegetables,Autumn,Bangalore,3579
53,Male,Clothing,Laptop,Summer,Bangalore,1551
41,Female,Clothing,Shoes,Winter,Bangalore,2413
32,Male,Footwear,Shoes,Spring,Hyderabad,1614
46,Female,Clothing,Phone,Autumn,Hyderabad,1331
25,Male,Footwear,Phone,Spring,Mumbai,1745
22,Female,Clothing,Shirt,Autumn,Hyderabad,3099
